epoch,train_loss,val_loss,val_balanced_accuracy,lr,minutes
1,0.6179805482226327,0.2747630476951599,0.8911900037120858,0.0003,0.3976703445116679
2,0.18407209972753194,0.2489764392375946,0.8963396038053041,0.00029912069357315393,0.7977582653363545
3,0.14019007545911236,0.2716304659843445,0.891538816179008,0.000296493083356513,1.1998337348302206
4,0.11715347042248564,0.3119524419307709,0.8824067636831424,0.00029214797567742035,1.6014507253964743
5,0.10304103523910586,0.2912404537200928,0.9037255981319299,0.0002861363129506435,2.001250433921814
6,0.08991302842756131,0.3998420834541321,0.8700398868013304,0.00027852857642513836,2.401331889629364
7,0.08602553430689226,0.2833135426044464,0.9000448278845882,0.00026941395985584653,2.799128258228302
8,0.0764685425001455,0.3153133690357208,0.8880923118790123,0.0002588993237884696,3.1973355333010356
9,0.07008540356556511,0.33033642172813416,0.8853183338745866,0.00024710794271727413,3.5948671380678814
10,0.06620947479043622,0.30531227588653564,0.8844525022743817,0.00023417805980435736,3.9924339373906452
11,0.060503471906816264,0.279415100812912,0.8957546674235183,0.00022026126610496852,4.390605998039246
12,0.05741943490036742,0.328086793422699,0.8887149840622288,0.00020552072330098714,4.78865313132604
